Workbook

Sheet Instructions
B2: Wordscape GCSE: word list
B4: Fill in the Words sheet with one row per word. Only the four yellow columns need filling in; the grey columns check each word for you.
B6: Columns
B7: Subject | C7: Fill in. Becomes the subject folder name, for example science. Spell it the same way on every row.
B8: Topic | C8: Fill in. Becomes the topic folder name, for example cells. Spell it the same way on every row.
B9: Word | C9: Fill in. A single word of 3 to 7 letters, A to Z only, with no spaces or hyphens. Capitals or small letters are both fine.
B10: Clue (optional) | C10: Fill in if you can. A short hint or definition. What a clue does in the game is not yet decided.
B11: Letters | C11: Worked out for you: the number of letters in the word.
B12: Check | C12: Worked out for you: OK, or the reason the word won't fit the game.
B14: What the Check column means
B15: OK | C15: The word fits the game.
B16: Too short | C16: Fewer than 3 letters.
B17: Too long | C17: More than 7 letters, so it can't be spelled on the 7-letter wheel. You can leave it in; it will be set aside unless a way to handle longer words is agreed.
B18: A to Z only | C18: Contains a space, hyphen, number or other character.
B19: Duplicate | C19: The same word appears more than once in the same topic.
B20: Subject or topic missing | C20: The word has no subject or no topic.
B22: Summary
B23: Words entered | C23: =COUNTA(Words!C2:C1001) -> 3
B24: OK | C24: =COUNTIF(Words!F2:F1001,"OK*") -> 3
B25: Too short | C25: =COUNTIF(Words!F2:F1001,"Too short*") -> 0
B26: Too long | C26: =COUNTIF(Words!F2:F1001,"Too long*") -> 0
B27: A to Z only | C27: =COUNTIF(Words!F2:F1001,"A to Z only*") -> 0
B28: Duplicate | C28: =COUNTIF(Words!F2:F1001,"Duplicate*") -> 0
B29: Subject or topic missing | C29: =COUNTIF(Words!F2:F1001,"Subject or topic missing*") -> 0
B31: Note
B32: The three rows on the Words sheet are examples showing the format. Replace or delete them. Rows 2 to 1001 are set up for checking.

Sheet Words
A1: Subject | B1: Topic | C1: Word | D1: Clue (optional) | E1: Letters | F1: Check
A2: science | B2: cells | C2: cell | D2: The basic unit of all living things | E2: =IF(TRIM(C2)="","",LEN(TRIM(C2))) -> 4 | F2: =IF(TRIM(C2)="","",IF(OR(TRIM(A2)="",TRIM(B2)=""),"Subject or topic missing",IF(SUMPRODUCT(ISERROR(FIND(MID(UPPER(TRIM(C2)),ROW($1:$30),1),"ABCDEFGHIJKLMNOPQRSTUVWXYZ"))*(ROW($1:$30)<=LEN(TRIM(C2))))>0,"A to Z only",IF(LEN(TRIM(C2))<3,"Too short (min 3 letters)",IF(LEN(TRIM(C2))>7,"Too long (max 7 letters)",IF(COUNTIFS($A$2:$A$1001,A2,$B$2:$B$1001,B2,$C$2:$C$1001,C2)>1,"Duplicate in this topic","OK")))))) -> OK
A3: science | B3: cells | C3: nucleus | D3: Controls the cell and holds its DNA | E3: =IF(TRIM(C3)="","",LEN(TRIM(C3))) -> 7 | F3: =IF(TRIM(C3)="","",IF(OR(TRIM(A3)="",TRIM(B3)=""),"Subject or topic missing",IF(SUMPRODUCT(ISERROR(FIND(MID(UPPER(TRIM(C3)),ROW($1:$30),1),"ABCDEFGHIJKLMNOPQRSTUVWXYZ"))*(ROW($1:$30)<=LEN(TRIM(C3))))>0,"A to Z only",IF(LEN(TRIM(C3))<3,"Too short (min 3 letters)",IF(LEN(TRIM(C3))>7,"Too long (max 7 letters)",IF(COUNTIFS($A$2:$A$1001,A3,$B$2:$B$1001,B3,$C$2:$C$1001,C3)>1,"Duplicate in this topic","OK")))))) -> OK
A4: maths | B4: algebra | C4: factor | D4: A number that divides exactly into another | E4: =IF(TRIM(C4)="","",LEN(TRIM(C4))) -> 6 | F4: =IF(TRIM(C4)="","",IF(OR(TRIM(A4)="",TRIM(B4)=""),"Subject or topic missing",IF(SUMPRODUCT(ISERROR(FIND(MID(UPPER(TRIM(C4)),ROW($1:$30),1),"ABCDEFGHIJKLMNOPQRSTUVWXYZ"))*(ROW($1:$30)<=LEN(TRIM(C4))))>0,"A to Z only",IF(LEN(TRIM(C4))<3,"Too short (min 3 letters)",IF(LEN(TRIM(C4))>7,"Too long (max 7 letters)",IF(COUNTIFS($A$2:$A$1001,A4,$B$2:$B$1001,B4,$C$2:$C$1001,C4)>1,"Duplicate in this topic","OK")))))) -> OK
E5: =IF(TRIM(C5)="","",LEN(TRIM(C5))) | F5: =IF(TRIM(C5)="","",IF(OR(TRIM(A5)="",TRIM(B5)=""),"Subject or topic missing",IF(SUMPRODUCT(ISERROR(FIND(MID(UPPER(TRIM(C5)),ROW($1:$30),1),"ABCDEFGHIJKLMNOPQRSTUVWXYZ"))*(ROW($1:$30)<=LEN(TRIM(C5))))>0,"A to Z only",IF(LEN(TRIM(C5))<3,"Too short (min 3 letters)",IF(LEN(TRIM(C5))>7,"Too long (max 7 letters)",IF(COUNTIFS($A$2:$A$1001,A5,$B$2:$B$1001,B5,$C$2:$C$1001,C5)>1,"Duplicate in this topic","OK"))))))
E6: =IF(TRIM(C6)="","",LEN(TRIM(C6))) | F6: =IF(TRIM(C6)="","",IF(OR(TRIM(A6)="",TRIM(B6)=""),"Subject or topic missing",IF(SUMPRODUCT(ISERROR(FIND(MID(UPPER(TRIM(C6)),ROW($1:$30),1),"ABCDEFGHIJKLMNOPQRSTUVWXYZ"))*(ROW($1:$30)<=LEN(TRIM(C6))))>0,"A to Z only",IF(LEN(TRIM(C6))<3,"Too short (min 3 letters)",IF(LEN(TRIM(C6))>7,"Too long (max 7 letters)",IF(COUNTIFS($A$2:$A$1001,A6,$B$2:$B$1001,B6,$C$2:$C$1001,C6)>1,"Duplicate in this topic","OK"))))))
E7: =IF(TRIM(C7)="","",LEN(TRIM(C7))) | F7: =IF(TRIM(C7)="","",IF(OR(TRIM(A7)="",TRIM(B7)=""),"Subject or topic missing",IF(SUMPRODUCT(ISERROR(FIND(MID(UPPER(TRIM(C7)),ROW($1:$30),1),"ABCDEFGHIJKLMNOPQRSTUVWXYZ"))*(ROW($1:$30)<=LEN(TRIM(C7))))>0,"A to Z only",IF(LEN(TRIM(C7))<3,"Too short (min 3 letters)",IF(LEN(TRIM(C7))>7,"Too long (max 7 letters)",IF(COUNTIFS($A$2:$A$1001,A7,$B$2:$B$1001,B7,$C$2:$C$1001,C7)>1,"Duplicate in this topic","OK"))))))
E8: =IF(TRIM(C8)="","",LEN(TRIM(C8))) | F8: =IF(TRIM(C8)="","",IF(OR(TRIM(A8)="",TRIM(B8)=""),"Subject or topic missing",IF(SUMPRODUCT(ISERROR(FIND(MID(UPPER(TRIM(C8)),ROW($1:$30),1),"ABCDEFGHIJKLMNOPQRSTUVWXYZ"))*(ROW($1:$30)<=LEN(TRIM(C8))))>0,"A to Z only",IF(LEN(TRIM(C8))<3,"Too short (min 3 letters)",IF(LEN(TRIM(C8))>7,"Too long (max 7 letters)",IF(COUNTIFS($A$2:$A$1001,A8,$B$2:$B$1001,B8,$C$2:$C$1001,C8)>1,"Duplicate in this topic","OK"))))))
E9: =IF(TRIM(C9)="","",LEN(TRIM(C9))) | F9: =IF(TRIM(C9)="","",IF(OR(TRIM(A9)="",TRIM(B9)=""),"Subject or topic missing",IF(SUMPRODUCT(ISERROR(FIND(MID(UPPER(TRIM(C9)),ROW($1:$30),1),"ABCDEFGHIJKLMNOPQRSTUVWXYZ"))*(ROW($1:$30)<=LEN(TRIM(C9))))>0,"A to Z only",IF(LEN(TRIM(C9))<3,"Too short (min 3 letters)",IF(LEN(TRIM(C9))>7,"Too long (max 7 letters)",IF(COUNTIFS($A$2:$A$1001,A9,$B$2:$B$1001,B9,$C$2:$C$1001,C9)>1,"Duplicate in this topic","OK"))))))
E10: =IF(TRIM(C10)="","",LEN(TRIM(C10))) | F10: =IF(TRIM(C10)="","",IF(OR(TRIM(A10)="",TRIM(B10)=""),"Subject or topic missing",IF(SUMPRODUCT(ISERROR(FIND(MID(UPPER(TRIM(C10)),ROW($1:$30),1),"ABCDEFGHIJKLMNOPQRSTUVWXYZ"))*(ROW($1:$30)<=LEN(TRIM(C10))))>0,"A to Z only",IF(LEN(TRIM(C10))<3,"Too short (min 3 letters)",IF(LEN(TRIM(C10))>7,"Too long (max 7 letters)",IF(COUNTIFS($A$2:$A$1001,A10,$B$2:$B$1001,B10,$C$2:$C$1001,C10)>1,"Duplicate in this topic","OK"))))))
E11: =IF(TRIM(C11)="","",LEN(TRIM(C11))) | F11: =IF(TRIM(C11)="","",IF(OR(TRIM(A11)="",TRIM(B11)=""),"Subject or topic missing",IF(SUMPRODUCT(ISERROR(FIND(MID(UPPER(TRIM(C11)),ROW($1:$30),1),"ABCDEFGHIJKLMNOPQRSTUVWXYZ"))*(ROW($1:$30)<=LEN(TRIM(C11))))>0,"A to Z only",IF(LEN(TRIM(C11))<3,"Too short (min 3 letters)",IF(LEN(TRIM(C11))>7,"Too long (max 7 letters)",IF(COUNTIFS($A$2:$A$1001,A11,$B$2:$B$1001,B11,$C$2:$C$1001,C11)>1,"Duplicate in this topic","OK"))))))
E12: =IF(TRIM(C12)="","",LEN(TRIM(C12))) | F12: =IF(TRIM(C12)="","",IF(OR(TRIM(A12)="",TRIM(B12)=""),"Subject or topic missing",IF(SUMPRODUCT(ISERROR(FIND(MID(UPPER(TRIM(C12)),ROW($1:$30),1),"ABCDEFGHIJKLMNOPQRSTUVWXYZ"))*(ROW($1:$30)<=LEN(TRIM(C12))))>0,"A to Z only",IF(LEN(TRIM(C12))<3,"Too short (min 3 letters)",IF(LEN(TRIM(C12))>7,"Too long (max 7 letters)",IF(COUNTIFS($A$2:$A$1001,A12,$B$2:$B$1001,B12,$C$2:$C$1001,C12)>1,"Duplicate in this topic","OK"))))))
E13: =IF(TRIM(C13)="","",LEN(TRIM(C13))) | F13: =IF(TRIM(C13)="","",IF(OR(TRIM(A13)="",TRIM(B13)=""),"Subject or topic missing",IF(SUMPRODUCT(ISERROR(FIND(MID(UPPER(TRIM(C13)),ROW($1:$30),1),"ABCDEFGHIJKLMNOPQRSTUVWXYZ"))*(ROW($1:$30)<=LEN(TRIM(C13))))>0,"A to Z only",IF(LEN(TRIM(C13))<3,"Too short (min 3 letters)",IF(LEN(TRIM(C13))>7,"Too long (max 7 letters)",IF(COUNTIFS($A$2:$A$1001,A13,$B$2:$B$1001,B13,$C$2:$C$1001,C13)>1,"Duplicate in this topic","OK"))))))
E14: =IF(TRIM(C14)="","",LEN(TRIM(C14))) | F14: =IF(TRIM(C14)="","",IF(OR(TRIM(A14)="",TRIM(B14)=""),"Subject or topic missing",IF(SUMPRODUCT(ISERROR(FIND(MID(UPPER(TRIM(C14)),ROW($1:$30),1),"ABCDEFGHIJKLMNOPQRSTUVWXYZ"))*(ROW($1:$30)<=LEN(TRIM(C14))))>0,"A to Z only",IF(LEN(TRIM(C14))<3,"Too short (min 3 letters)",IF(LEN(TRIM(C14))>7,"Too long (max 7 letters)",IF(COUNTIFS($A$2:$A$1001,A14,$B$2:$B$1001,B14,$C$2:$C$1001,C14)>1,"Duplicate in this topic","OK"))))))
E15: =IF(TRIM(C15)="","",LEN(TRIM(C15))) | F15: =IF(TRIM(C15)="","",IF(OR(TRIM(A15)="",TRIM(B15)=""),"Subject or topic missing",IF(SUMPRODUCT(ISERROR(FIND(MID(UPPER(TRIM(C15)),ROW($1:$30),1),"ABCDEFGHIJKLMNOPQRSTUVWXYZ"))*(ROW($1:$30)<=LEN(TRIM(C15))))>0,"A to Z only",IF(LEN(TRIM(C15))<3,"Too short (min 3 letters)",IF(LEN(TRIM(C15))>7,"Too long (max 7 letters)",IF(COUNTIFS($A$2:$A$1001,A15,$B$2:$B$1001,B15,$C$2:$C$1001,C15)>1,"Duplicate in this topic","OK"))))))
E16: =IF(TRIM(C16)="","",LEN(TRIM(C16))) | F16: =IF(TRIM(C16)="","",IF(OR(TRIM(A16)="",TRIM(B16)=""),"Subject or topic missing",IF(SUMPRODUCT(ISERROR(FIND(MID(UPPER(TRIM(C16)),ROW($1:$30),1),"ABCDEFGHIJKLMNOPQRSTUVWXYZ"))*(ROW($1:$30)<=LEN(TRIM(C16))))>0,"A to Z only",IF(LEN(TRIM(C16))<3,"Too short (min 3 letters)",IF(LEN(TRIM(C16))>7,"Too long (max 7 letters)",IF(COUNTIFS($A$2:$A$1001,A16,$B$2:$B$1001,B16,$C$2:$C$1001,C16)>1,"Duplicate in this topic","OK"))))))
... E1001: =IF(TRIM(C1001)="","",LEN(TRIM(C1001))) | F1001: =IF(TRIM(C1001)="","",IF(OR(TRIM(A1001)="",TRIM(B1001)=""),"Subject or topic missing",IF(SUMPRODUCT(ISERROR(FIND(MID(UPPER(TRIM(C1001)),ROW($1:$30),1),"ABCDEFGHIJKLMNOPQRSTUVWXYZ"))*(ROW($1:$30)<=LEN(TRIM(C1001))))>0,"A to Z only",IF(LEN(TRIM(C1001))<3,"Too short (min 3 letters)",IF(LEN(TRIM(C1001))>7,"Too long (max 7 letters)",IF(COUNTIFS($A$2:$A$1001,A1001,$B$2:$B$1001,B1001,$C$2:$C$1001,C1001)>1,"Duplicate in this topic","OK"))))))
